{"cameraMode":{"drawMode":0,"name":"Shaded","section":"Shading Mode"},"sceneLighting":false,"audioPlay":false,"sceneViewState":{"showFog":true,"showMaterialUpdate":false,"showSkybox":false,"showFlares":true,"showImageEffects":true,"showParticleSystems":true,"showVisualEffectGraphs":true,"m_FxEnabled":true},"in2DMode":false,"pivot":{"x":0.0440271720290184,"y":0.039447978138923648,"z":0.014742707833647728},"rotation":{"x":-0.08559893071651459,"y":0.8973186016082764,"z":-0.3840533196926117,"w":-0.199998140335083},"size":0.10855375975370407,"orthographic":false}